Agricultural Plots (Id),Agricultural Tasks,Agricultural Crops,Precipitation (mm),Air Temperature (Â°C),Relative Humidity (%),Atmospheric Pressure (hPa),Wind Speed (km/h),Cloud Cover (%),Sunshine Duration (h),Visibility (m)
2,6,Cocoyam,321.2951607751168,-27.70075227884807,17.049533493748037,968.1117499266194,208.68102627435692,46.42163470773669,1.6962190749190027,43880.284099345925
14,4,Eggplants,411.1614703556888,4.445642659518711,88.6897406798102,996.7362388524252,116.0644242780848,20.812910590707467,10.76704592919166,46501.91253398469
17,6,Tomatoes,610.1301692889409,-7.685952005637276,29.92716758433348,990.0052099995517,200.03910311224232,8.77361509282909,17.628090050863435,92367.73120769756
2,5,Eggplants,14.708647981406765,-84.97516748849833,40.14476542384679,931.6811169187952,76.64945910332207,95.79005665699395,7.179491394604849,5923.38326043419
19,4,Cassava,1027.8294953546783,17.04038955007522,82.3361105690473,900.7124038133828,58.38091060637147,15.171253693517816,0.4267440476502688,18693.83018777413
10,0,Plantain,1011.725595383094,-52.85331756877879,49.82470120899152,968.9548311318728,256.6379178381328,45.83493227081191,12.478143268796444,38588.56421793639
20,5,Plantain,884.5035110123123,3.2099873610010974,95.04040609730193,969.7806651812014,194.17544350768372,88.10948523059632,2.968362455402477,27139.87245204076
10,6,Corn,979.2186470704344,15.332420758298824,83.63218934257223,958.5351493497014,32.83256372640236,53.65246721950591,6.019718619702901,65735.10335903581
17,0,Papayas,778.7907650638398,38.125592865695054,66.84963624524305,1052.5467580787438,274.8712258011706,12.353418043502028,12.420501918582236,96130.75738976212
11,0,Cacao,1317.6166216952893,45.74915883302084,70.43956512953655,920.9261809165272,99.05785538442233,68.32802724824205,3.384830283840726,46479.05701318742
5,2,Squashes,700.5966443686368,-22.438922852940465,2.8802656421309414,885.0907528914719,219.40018826075905,54.73275588258727,1.9340033964848748,83021.45322411397
5,0,Papayas,677.991426338408,39.41998864585385,81.74185554510562,1012.1465218144688,278.0863869646555,80.41393474355185,2.9212608508619207,60696.69222004958
3,7,Papayas,868.7929871399245,0.6201116350645748,2.251773118762901,944.4790604744172,133.66817927762978,45.16849407753274,8.373457693180985,93433.8934383981
12,1,Tomatoes,1654.7852508559629,-76.22943498045181,30.84461098042065,1041.3849084079236,39.81563335654802,19.491414459053768,12.911417293999218,45001.86969592371
10,6,Beans,1534.1879651390454,-85.81547605214399,9.23946064675163,1078.0874123113929,168.54696228311917,30.455813130590258,3.9624059782319687,84051.21390735474
8,4,Cocoyam,141.8220508959521,-34.540437951496685,82.9246753661533,1066.4461329705491,204.3336037896892,34.322230076039105,13.803538700101374,91153.65729393046
12,1,Plantain,903.555034363755,45.77397317774681,77.53387748131178,1005.9644500564334,235.0992603337619,89.84330182393091,21.918402822592316,27039.42476821089
7,7,Beans,1332.5164268836545,6.732284451091161,59.343960415298845,898.584628283208,156.50077378325892,40.052346808243776,23.481285942748105,7622.55615656321
2,2,Tomatoes,599.4559070211321,-13.7470532358588,76.95367670096658,1025.412909663337,10.154200712263917,70.66190245644178,18.314095788660808,46602.87749061818
1,6,Tomatoes,317.86074601518106,-38.31652143191935,2.9983323613097523,912.7544792739144,45.8344970433812,10.017417830182527,3.764948159183083,21110.75627623862
20,0,Papayas,1645.761186567944,44.39365904724305,23.083009480170137,1064.2268344253814,249.69151945113896,73.33976158596259,12.92850801344096,9315.542778859632
6,7,Beans,64.79691690743302,-19.46641315344644,95.9865921344997,1048.8685589402228,96.02953996866452,39.04503758005454,15.829101208655178,71630.59356682409
11,5,Cocoyam,859.5937829094228,28.325242595134767,13.145248278672428,941.1967572914024,185.601603093514,92.5165935559812,1.5121362388605464,79269.44552291009
11,1,Plantain,617.4423576412792,-30.925247624384262,65.00877715569321,960.0005066661698,0.6613695719415835,38.20826121270158,17.96750552702774,97006.16204676904
5,5,Corn,573.6068606207666,-65.0656030102732,19.949500245241115,950.7533551146066,170.9688595574629,98.06193831980366,6.789839230943429,78481.37724950664
11,0,Plantain,39.673468340124,45.56921960407787,77.02856272726576,998.0887520184724,107.3244796723867,85.37054613520729,20.4093691613352,73526.6459206532
16,4,Plantain,725.5208774040839,-50.97278436228657,37.41280444477202,875.1310663921001,72.6812740392788,31.137641817125797,19.200669762207024,37623.24978689575
15,5,Tomatoes,1426.87954319115,-32.99092381845168,67.620956121085,922.0072113099354,87.38321339025698,92.141730754948,14.960591471752398,97523.1188524484
7,1,Corn,367.75565152596494,22.47985355319794,82.53336419360859,912.8707031548976,243.4866656547051,9.75609028944876,4.407716634124142,42958.5043619625
11,7,Squashes,131.49500215123732,-7.208736622053138,35.20339162263597,1075.642168333546,23.60402988403604,75.2301963769807,14.664581434976316,67678.201905257
1,2,Cocoyam,1536.9161531189347,42.71665058269632,72.84669986094164,1026.2877309170078,32.47907980432676,42.02798477870088,16.138732847577515,69803.89178247332
11,1,Eggplants,991.6040010100164,-4.749201639242671,61.34428236879024,1022.4329075020688,244.2164516242264,87.96671417492419,18.19588125627071,24120.94340205397
16,6,Beans,385.5144087444391,-17.540616838694007,39.66842494989263,993.302240949968,252.7860535951848,85.23185861644733,3.5896424067532147,73556.57982806819
13,0,Cacao,1039.9279135675415,2.138027132254649,28.20169389076136,926.2583279395608,262.73568873672303,77.21948233848627,17.54596646743322,62042.976663324975
6,6,Cocoyam,1655.3111554149625,-10.88458644776982,6.583672066352708,980.4925496658118,273.71984756679893,30.140381629146265,2.1101858957844426,16194.818170701254
2,2,Papayas,624.9906007229808,-81.2863819002363,69.20514885822935,975.0158332287024,175.31929890924246,41.81827706475807,0.9978542204404076,44674.49472781997
16,1,Okra,364.87819361100793,23.79279180168615,10.982285325014184,976.088684824447,13.436736087068358,97.14440068547404,13.205432151583668,41889.59744324877
5,6,Chili Peppers,388.7491171674517,-18.850802001354552,26.13918285465815,1044.606412193736,188.9951260727468,46.76285723087295,5.379018030758135,52042.85605040053
19,5,Papayas,410.5172054472785,-49.39620697537236,84.50436615303732,1004.4470565332618,188.3375145571512,17.489761518137236,12.686964940347544,66048.88790300471
11,6,Cocoyam,765.6142393196094,19.21049801879161,71.45363895250544,901.6063447850476,293.29293842911096,77.81527457608684,15.599450433736733,6498.662874707428
4,0,Plantain,1638.045684445761,7.292780275895751,94.7356467708542,1008.503882549082,49.25640618105117,52.98513376306728,2.4217910612567755,52007.731703499136
5,5,Cassava,1255.37326893897,-72.59362045045108,56.67708407307174,985.6616628379244,179.01659850347437,59.94336537850892,18.898105086440133,38957.45703595052
4,6,Cassava,712.1639451730327,-86.86178022569436,40.17607722492683,1059.1909860449762,147.20842451436866,53.15234034378295,22.91256518434902,79058.00019475733
14,1,Squashes,1164.4836736428194,-68.72479979238648,42.01992603284894,1083.1869980154684,200.85715897716108,42.96751582961361,3.984659539346591,50714.48531110786
16,4,Cocoyam,331.4616432679391,47.45556589927351,20.245690877116253,1055.2350725904091,74.65586804730538,4.8646117066238,13.089158892930774,70536.06060352018
14,7,Corn,1630.63996914407,-42.24910006072201,44.93454292494236,939.0308662055676,117.1049273470934,46.72237282717576,19.351051431454152,84926.44494820357
12,0,Chili Peppers,589.8339305565222,-26.377084110186416,94.09491225138642,894.4699080004397,68.22857268235065,14.492395472981222,10.511214430755558,9367.449528506744
5,5,Plantain,1268.2002514361584,11.552649814103448,59.01146545572398,1016.738443852281,23.95791784728951,68.21368600752334,20.00251839822013,62828.34515604053
5,6,Tomatoes,1228.909350333489,7.561157875126668,69.73236345075178,1002.65377474263,19.02072610187083,85.81603283995854,17.277314063100956,40874.56571782006
7,6,Papayas,86.8767640509637,-6.270548894621655,43.1599841229414,1055.121899226759,41.467807201674574,64.56829520136583,12.718249904925514,24256.435387133923
9,6,Tomatoes,1578.9274693192956,-32.266565893606405,1.8850719118636892,1083.268204332102,135.86622205717865,97.44845239999214,9.71356350081501,21577.44133266225
10,6,Corn,672.6046639286112,-26.05601388109368,36.953924390727046,953.4507646790256,235.48512229215905,0.3760200726260598,2.336184450739297,94204.26652278897
14,4,Chili Peppers,1441.5187222610143,27.882376644837137,59.4618502489112,977.6560150188776,255.10863111080096,2.075624404374965,9.049111887505394,11838.651279741052
16,6,Pineapples,1084.7421512251717,-35.55945835166934,7.191623034857364,1059.5711475381927,207.21255908168357,76.65889262728842,3.2079176123908475,93837.91125617818
15,0,Beans,1708.591099247716,-50.59524900648777,30.326384288966835,1058.9099309646297,199.1749749742201,90.57632356971364,12.54942026927282,26455.671901675996
11,5,Eggplants,1431.677288536114,21.62836544584449,41.61635502382145,914.804153184218,3.112165038184689,15.17851328069968,4.512479558125294,49711.34716638785
1,7,Peanuts,708.5326783054137,-88.86176063341469,87.75674617621087,1078.9551081774491,45.792345760186784,53.74681771217015,22.990953126739576,54620.08477724746
17,4,Cocoyam,336.6815249525189,31.071822405065877,47.66143221415046,884.2832145761923,216.9340619269278,9.716368373957671,6.461534048301964,32524.545298438214
10,5,Corn,1233.3707412039926,-89.1761564295272,60.18185991327637,1051.014460141148,6.34971444329352,92.02264194832108,6.728818290819701,26438.825036747192
15,5,Pineapples,1794.6269536711031,1.4759908268776485,83.20095573305836,1015.8021430860016,297.8223045858413,4.167565904515369,13.65719307348547,70056.34190928514
6,4,Squashes,299.8282327208884,55.079090103935854,10.826906628989974,916.8571791855188,279.8059969914885,40.31817916758568,15.968069410060757,57722.9423012013
15,0,Cocoyam,1386.5991134097108,0.7085174571509469,44.138732942676015,914.5663416946758,110.05683384321507,64.83812735023805,4.088693998548474,86710.43478354087
12,4,Corn,795.8930352299822,-24.85096076618981,19.37129215979173,1047.2639633100746,144.03071320849492,48.96646255230787,23.0741713668194,55808.62451128432
4,5,Chili Peppers,871.2083243783104,-1.0873177101898364,86.99549185597569,908.2090732658075,277.00756066278973,49.81746586713044,12.109014635804652,76426.95014080885
9,1,Papayas,1589.8877105441304,21.48475259816672,8.334257163880688,944.7427255826196,114.89853555728064,1.022711122018627,8.811223297368567,45266.27095575304
11,4,Eggplants,1110.482966474701,-43.29503544875733,72.23645225661227,907.2185165275316,292.2610879310547,1.8263395541934344,19.640104128024685,82959.2995578145
1,6,Pineapples,902.717488908776,-48.80785350089001,10.91301833825009,942.6250192104452,100.67604811897822,15.84883968623908,15.722033884677352,87066.64236296374
16,5,Peanuts,1682.9739221521886,38.83799221644959,74.8473920099119,975.6117661379284,31.209202839466577,41.90536435543181,21.791693630836072,70934.94286199802
5,6,Corn,566.8058318983115,-4.112288848906644,50.36465766838838,1039.2789498763916,186.5120258438926,6.6756631367619335,4.673703949103671,29361.28678503152
4,6,Papayas,905.6013897163753,-83.66096688204118,97.2862439725114,998.5676401313916,230.10680778164595,26.138935908749197,14.45408587342709,68139.2451233951
16,2,Papayas,30.08887661171109,55.86493499541065,70.48698157051193,1020.3593737102992,299.2515386086191,51.4978390243258,3.3698426722306403,50429.97935427449
2,5,Peanuts,1303.4664987241174,27.46723351140278,17.06802990505477,1072.864232213058,164.6815272092037,37.27421942266268,0.550045234588497,10682.429458699482
2,7,Cacao,1274.9446232465823,6.917078869848169,42.37343956261116,921.069593497433,53.78464490933157,21.28653119637879,16.583813916751616,47601.85086551457
1,3,Squashes,80.50585668166723,29.63354636832146,98.66034632841576,892.733611858685,60.430408012074565,48.38555988505503,13.113765573029468,36237.4061404652
6,6,Corn,893.2467204556566,-41.93525580765431,76.03534081827101,1005.7292202892032,7.858786244295324,33.42604280679765,17.601888127233302,30768.887380167387
15,6,Corn,1637.3907491048517,29.98409244276472,98.64292694710568,912.5576217773438,291.4084512380487,22.286083728815985,10.219661155381669,39075.49085673948
10,0,Papayas,927.0841579423876,-33.470143391505424,52.18537246065578,984.0806600274472,50.04088186616564,44.18299560429121,13.149316921230646,54526.6789957978
1,4,Corn,615.3816504801492,-65.8749805109615,51.8102206144455,907.1770648697224,173.04557451185582,87.8337826993085,13.888422569330857,18390.59160014772
12,2,Pineapples,1488.5569600593835,50.24425565096245,39.24337746466886,905.9210307654206,149.6756673667241,38.10868624055248,2.7769141647814983,95975.6867619628
4,0,Squashes,631.2122159815311,-53.78608980648525,29.653125000378644,938.0775131099808,122.4611463548672,86.13536522009497,5.702464150097432,22915.358443658763
12,6,Eggplants,1216.4499546738718,24.779079131344417,13.34350498695568,997.0872427895432,156.01917979440287,64.48894195894948,8.83451877049754,81411.90315840807
6,5,Tomatoes,1450.335015344683,-24.62527927117617,50.39969743562015,1045.1894386909787,252.20367405729655,60.64412472222547,14.407230632360548,9169.51619532642
10,6,Okra,96.44218352095196,50.79907621860609,51.795694435272246,939.4411550421572,203.52453446202912,6.815439241082499,16.530164560407677,10971.528247341566
16,4,Squashes,521.9283448289324,-3.560187680331381,63.75220004178959,1024.594842742857,43.25762029955846,15.700745533750403,15.24398886362894,57224.48189507029
11,5,Chili Peppers,1513.5708933961778,-25.21770356238239,68.08276272276737,905.596928692069,96.8851147881507,15.772932990680887,21.00174909750225,5109.383870602191
14,6,Plantain,595.7419966586975,-52.9046346207322,10.434506547288636,1052.424542451404,11.7015249303158,58.70165260461073,13.06190474622968,83223.45340508933
20,5,Papayas,1512.0328513193842,30.331318061664533,38.69075125805055,1065.7624472460789,257.4760846050703,2.973720529496282,5.410040074291763,73230.79891701645
20,0,Cacao,934.6756205880604,24.948392656688767,36.036838229245824,1048.2409445518786,93.77481215521657,75.83743820943471,4.946280277851836,50546.94561720466
19,6,Corn,452.3208160604359,30.348684437522323,72.26787651641034,905.5793222265268,151.58925513889272,33.765966951474816,20.2394014232668,76156.13963696409
20,1,Pineapples,1721.6661122707978,-47.81139613568811,94.60132982396668,1023.926583593488,228.4401033788592,8.205470767246236,10.894127373436078,24456.1700832601
19,6,Chili Peppers,1671.4590306840082,-88.82972399992023,15.9479772078159,964.487472613809,174.67410276176756,50.87421119356436,16.443342051975705,99832.40012349184
15,7,Tomatoes,696.215313588098,5.877832923502638,82.67266185373964,1016.59690431255,182.82562780762743,51.34538870284152,7.720398876775718,95977.30448580322
10,3,Pineapples,1752.5693578152227,-76.58169618236336,95.8302607735374,1010.2585651533768,257.31845089365413,84.45731297700733,23.09295857721305,65537.83764935765
9,0,Eggplants,1182.27095473716,-46.511405510345895,80.91908316555212,915.5317651684272,58.43761864038183,57.74482154051152,0.7453839545426071,84163.7721426892
14,4,Plantain,1312.27886786555,-23.42585738409592,3.0543145137545413,901.919479988409,62.20869822090359,17.340205708732846,16.815857072409376,81458.38868822923
12,4,Papayas,1654.5276904432365,-39.126805128542735,0.10069431558275,1016.754923234743,0.1283167950508978,0.5190194684833283,18.493286543750717,38519.14643644546
1,2,Eggplants,1380.0146094002848,-21.022488546644094,30.25548610554958,1011.9346289329338,224.91712237878625,39.89342603575706,18.361177364549903,66552.74110821026
9,5,Eggplants,791.8059745384855,12.088632268314312,98.78587718062826,963.7117698466284,288.77710085001786,82.94397855666043,18.91447109489524,95410.78611770556
16,4,Eggplants,710.7617863840052,-53.55832059329155,67.99235267513704,1076.017620244421,92.7577727206095,92.55999645240084,15.57406842127407,81124.19612328467
6,6,Cocoyam,473.4126782112447,40.58915389989092,84.410240353211,943.1423066981546,37.80398012546401,49.08017542104894,3.706958704423629,26800.54938007485
5,2,Corn,876.9859550597013,-25.43545480962245,11.22178264960384,1063.1554560602167,98.33262334911886,8.114608456533457,19.26413753622512,78099.65815310353
12,2,Papayas,613.530434963949,-53.49466857897128,9.44594519384465,978.297920143595,48.50037672982379,2.903283803348033,1.8063666501026048,66104.21985930619
18,7,Pineapples,476.16784715241056,-80.68419960225414,60.70392966137283,973.4284231811266,275.6893408989462,80.19195316088867,19.254336418318324,54156.220603293215
1,5,Cacao,1325.2315924866202,-14.219697885908644,5.194481872151624,1005.5991158439118,65.30944264770635,39.70518619491806,9.789885287721424,29418.911589353916
7,4,Plantain,664.132659867989,2.8099456041402675,97.4901390792776,1015.9462014532468,90.94304160862072,11.33701455173256,13.625432000815827,29366.237048359555
20,5,Plantain,1033.1269276674798,-79.00609380618619,92.46457062672542,886.9082905636193,261.0410726361066,8.712369661929175,23.445190748146796,21541.30248186336
9,7,Beans,271.1681605112892,-48.84762493864823,57.63641388566012,1046.3665551352574,127.714664860629,63.40837196585368,15.538221854502254,47253.17997922827
4,2,Cocoyam,1706.9378642992465,27.11741061116558,49.95901891503646,994.8693665215924,31.58621709491547,89.79768984487609,13.686923397610355,65746.80449987607
12,4,Cacao,1089.082220341512,-44.673591812510686,39.33562259612605,901.9190127884602,273.6587830983505,88.59466186834524,15.8486234612468,65986.5324159316
11,0,Tomatoes,1312.20134390744,47.58537682432392,63.020863072639024,949.586406706858,203.64542468852736,41.919135254224685,4.579296178871586,91602.79015502456
11,5,Cocoyam,1577.182012953973,-62.350236016382425,69.36880684530145,940.0086534608246,254.3928855938771,42.62538322630276,18.640185442840888,95627.42848480212
18,4,Peanuts,1371.3168192366431,-73.63190867468346,41.40959680167712,1081.5522332096052,60.49984886003086,12.864163522648765,6.215321882390157,32840.30432237248
11,3,Corn,734.6716494109504,-55.16356539172487,91.6845032062606,1056.0904689037257,171.4323571466274,11.064856445625736,15.196003721179215,64605.761151119055
10,6,Squashes,934.4132136664708,-32.55869438493699,70.31658456956245,929.3795489842324,141.07378571577024,87.01304044511784,9.578069842421929,29367.78745508595
18,6,Eggplants,510.3934981939093,-42.25819582017691,86.80660290289431,988.8668577084346,87.94737531139634,45.56282325182448,22.59009119192584,47550.85973232104
12,2,Okra,305.8885430680101,-64.85508454662988,20.9886007105485,1003.6565282051304,167.94576882037362,53.44583368178733,9.996426697843074,97283.7176509258
10,6,Corn,1171.612338667378,-19.758208873434995,74.6065216755489,1003.9712841516252,202.36843616696936,55.13714892363543,23.647950211323074,49066.66375958878
17,5,Cocoyam,1003.1129042568972,-46.066972390815096,70.56325793158847,1006.6919475090032,221.1628348132145,11.27051115040868,16.179128089579404,203.63211521051693
1,2,Corn,1380.441701157504,42.47446109374444,77.94591396141413,960.0946120463748,40.6501343758444,25.112020008695268,2.1114762819778896,68769.37977972656
1,4,Pineapples,193.9223624320828,-29.933416832776324,69.79108789529181,899.1814091071474,276.55207885189145,86.30896634776576,23.83569616639759,53814.66031003241
15,1,Plantain,1319.8602257610464,-44.06530306205828,1.277283163012943,883.4906625570035,22.736445982946474,32.528538715909306,16.87761065623884,19701.728292649037
6,7,Peanuts,1585.8472728292988,-77.27291265935189,14.989431709598025,900.6907914144564,184.40764344992067,33.20732248388876,9.902977522814083,92081.2413345718
10,6,Eggplants,1481.6322014916482,5.757365052914622,1.864888803943365,881.2239606014225,190.89672729174777,0.8048881653112572,15.14348082888571,81831.59642678333
9,3,Eggplants,795.7828486303977,-67.61906600496232,98.51466023002656,941.9213676166949,26.2945799945279,81.19735561798205,12.889233455525703,78249.48146590617
10,0,Papayas,526.3827666244393,35.431302656176186,96.27262632304864,1072.4563140558043,286.0837984666005,87.4764297391277,16.88276447661701,55126.12329038984
2,0,Cacao,490.5495746082738,-84.00379045979899,84.49311137887548,1043.963553607082,140.8695314672834,79.27479421245984,3.4728184672955686,88325.1557263585
3,7,Corn,1084.6428544764867,-72.86992022400862,97.6727833876587,990.6050328223406,233.093929229981,86.18948208294552,5.210992728666939,78255.33019766759
20,4,Eggplants,1192.0240091437745,55.23729225139864,49.86610005651214,1009.0443160800298,33.625724812222934,93.64039403941317,17.452079072217852,83685.08560829816
1,6,Cacao,1259.1174846990484,7.157888138587097,60.594281052062406,964.120499856782,135.11143318871825,89.38619881072108,10.793781040562424,63796.42418205037
1,6,Cassava,1165.6592242245856,54.28201574579468,92.38609452843193,977.4333354677916,116.6806000762829,85.73264425340444,3.694057967183801,2188.4035288943005
6,5,Tomatoes,711.4852097695731,-67.97936271477131,41.93853435831935,942.7121150445466,147.50855226512982,50.46034733431808,19.26375923218889,25116.200506814723
20,6,Corn,666.8835682252383,-26.58936303634972,83.55711972182918,887.5801954882279,120.7942863708609,63.2426464454466,16.551579685729134,23730.204586487547
11,0,Squashes,1581.4329287970847,20.58296600175716,87.36527281672753,1015.6999998290904,248.2338294842106,90.74534023669248,2.53401904155342,3361.0074115920543
17,6,Eggplants,1490.0184923731852,-40.62887970381109,69.54820238842497,1061.8239177226164,73.42252689009125,41.62183337045378,11.43656788686298,49885.45423867361
2,6,Corn,1486.575896932435,-21.87933868220425,45.78498200014326,917.6638925779994,221.68158754319228,31.789528952518253,1.4800324013531414,84439.88960318358
11,0,Tomatoes,749.5996779926807,28.948755101023096,75.22353817870412,1033.4693295676195,139.70890854928766,15.600919230499311,11.676730361997809,41749.31466270094
6,1,Eggplants,1515.632430364152,49.18611873942957,96.2808248058591,938.4745918459932,218.72125908561253,47.56663715145449,20.07452212597969,60247.12652154121
15,5,Cassava,998.6716889919204,18.05331103447837,22.391736811930706,913.4017984352258,245.09291270381905,79.01037302201337,0.5127321140928744,71515.34429242577
15,0,Okra,110.8428608248941,-16.2669716443978,64.60050265061784,936.6477484740984,129.82388674831247,14.798084423315592,7.652868468117306,29305.54931451982
8,5,Tomatoes,870.8714413640272,-13.28509330149994,89.19803034632025,952.8300800424388,54.14982211433207,56.7209111114726,10.63465445680579,71955.41430218097
1,5,Cacao,182.5473858748124,1.853683127531156,18.783839571386384,910.5110241153612,279.1996413509684,74.59352281592419,19.254714473795804,88227.16803705308
6,1,Squashes,392.80526316855793,-76.02706844242454,83.33156499774914,951.15774335308,220.9158734992331,43.8360820804752,4.5415946521005175,2686.685442974268
19,0,Peanuts,93.81737090279,5.172561977189574,64.99063109345163,992.2566555685976,127.79829684222624,84.57113367712729,5.864577598235746,30280.46357422819
15,4,Squashes,337.9117249361562,8.821982011063014,15.017882492532165,895.180037589338,99.87195962367748,91.83486313014608,21.39529588754601,35347.47978326842
16,4,Peanuts,235.57958660763225,-31.716960189851115,55.37657628905407,1051.4096953788614,207.63592942749108,28.056150998577035,20.674375329051625,28935.088395779963
7,4,Peanuts,1143.3718936915247,-58.267651467812726,62.81549634514967,923.288220707114,281.8556314929791,58.31752594183725,17.041820737354207,83024.64449988955
4,5,Cacao,883.3881690737205,51.56066158562653,83.17874549373428,1084.056012889425,192.34543453438397,97.08761757866591,19.458682870426056,30027.46927416856
16,0,Cocoyam,954.7364832246742,43.91090108977768,18.702251253574143,872.6136549170652,64.94031505905062,16.54375034648603,6.436688019848518,45865.97124057417
6,0,Tomatoes,1759.5663577587209,-29.13402460659613,27.491331025187293,1078.486552613508,91.12806212710358,64.23185678149923,13.033195527662432,38834.68580783883
17,7,Beans,1748.4734811962255,-17.590024754149397,48.65284453537044,984.7306984021902,35.87261417292428,84.79590631762134,23.72265790279804,91918.25578120792
1,5,Chili Peppers,1540.6803209387156,-78.5390790646894,74.05234201916537,939.4951411768884,79.47243904457667,31.85375035783552,10.77754870418835,47402.318536251296
6,2,Pineapples,1702.4435842235964,-41.056656814118,96.71824972770064,998.0954620725612,128.61873522584528,81.40076121017708,12.903148729125204,33041.37866986456
10,4,Peanuts,1527.8519395886517,-60.19510586459376,60.28194677411446,1016.087457393307,24.58376195977485,13.49040940860784,1.6681116842613992,31998.205961143856
15,6,Cassava,1725.6802692288506,41.55135658981304,1.5248405722274485,1010.796181491292,194.20332041591652,0.2265007537781804,3.152888144196016,71811.28479930587
16,6,Papayas,1534.772001834025,52.93910066714825,63.22423748126842,1008.5848820748462,189.79064778458752,61.171052368382384,4.284298205085606,50018.992169374935
4,3,Tomatoes,1073.892502861206,-84.88784706759338,69.25250529517855,910.9183598294348,228.39832303225225,94.4403849797144,2.769521156667339,27246.70674222453
9,4,Peanuts,332.8970507210128,43.84072985232668,41.91864624627474,1008.9645089408772,283.2682566972554,65.4939272247036,8.738307599121477,71923.72157245353
1,1,Cocoyam,509.6529515557479,-59.702369068386574,17.28662615695632,1062.449765622882,75.11889314697552,77.8637336769234,14.775956811718457,32863.342263618935
1,4,Corn,865.4352092711686,-83.20966942731505,78.84886526375935,907.2750184883652,55.45480241257174,65.98030648982093,2.3626383656203416,78176.24062929387
10,6,Cocoyam,639.0321237447313,-33.0511117212088,20.47924672777326,1011.5855756591756,69.42259314837965,71.09660348596778,3.10910387441937,13625.420519314455
11,7,Chili Peppers,420.5730075813426,-76.42869694923587,67.42084081934124,942.814639563492,297.4420399256185,77.87286542179842,4.606292512353546,12317.577809842283
11,6,Corn,1441.352827561749,31.352411046504955,64.84154034909153,1035.8430871780154,139.04847370651171,91.32790216571134,11.002266293991068,20591.47013230065
5,6,Peanuts,477.66895910358494,11.139441203208436,75.39866295132947,1038.777736116062,9.538245586073312,22.063114381958883,21.88913870137608,54939.75865298071
11,6,Beans,25.499012277218423,36.07884241050641,87.10096662787872,1040.6621311262058,214.32635137304644,77.49177308599884,14.630303173324164,83131.41621276308
4,6,Corn,770.4369164492676,51.65127275147954,95.98605967156458,890.760207306694,215.09730712926896,40.23390153854599,1.871591445848204,66359.72288641385
16,1,Cacao,98.52175062880464,43.93257048880251,30.754158060391568,962.8456155967484,0.5536928883579817,32.22414058163904,3.0305996093792062,22255.975793234084
9,0,Tomatoes,946.1269155757394,-64.15986506470074,88.99105440854824,876.0308643589029,55.10517930168849,64.29631500245554,4.12490739651832,9962.4782435359
7,5,Pineapples,1062.8278686274205,-50.47549478174656,42.72409471774221,986.6698065126168,298.51025343154515,5.825898130013362,16.499904375520504,36274.97141994112
17,6,Corn,242.4314180096354,-58.22558794477305,31.5029792458686,925.6653337972184,204.54935286583415,33.5331260636594,11.006303634549427,4388.955592228116
5,4,Peanuts,1527.2228018682026,-38.94333940864244,39.58125332800119,1046.126403101238,268.61077882589336,28.279522270644694,3.7609805648115575,83377.86833653826
16,0,Corn,1121.5749263014848,-75.03281052079937,9.543731149575152,1063.6270245296043,5.025185613704187,81.21176532936197,16.300110224245078,99288.65369935028
19,5,Corn,755.7446976788721,-59.27499546762618,10.2037970701913,966.4563923309707,6.119454280011927,74.4450694764114,16.37509650371838,13734.509033260169
9,5,Eggplants,1069.6344278441384,-68.80996946622142,30.38502489065432,1058.3742318240456,256.9962884115779,38.22077010475794,22.03315159440439,12795.655493277813
20,4,Peanuts,515.6767921785283,5.218601514464609,75.06365796420059,990.3543480521062,164.11980233114576,46.44891992626633,20.164050027970795,60869.31626786406
6,6,Eggplants,663.0601531362236,-73.97762685355353,39.39840817195663,1033.2476870592443,54.580960727311854,11.333429729797883,17.8852422290185,38475.38210130917
1,5,Corn,250.5628261453685,-32.356497623737575,80.33803972097891,1069.18604949536,14.632660441412623,48.1164586458952,4.482478528382044,10735.347251934523
11,1,Peanuts,9.551687356955972,22.68183500586788,12.764909164131875,925.3467376985188,195.10714871275147,20.76782099657226,10.888810944895663,38719.52877993723
6,0,Pineapples,1702.793220352611,-57.68264808372459,37.77472665853905,988.6183109200574,192.22125385272795,97.34201582941792,0.6680713037448243,86260.91685519733
20,6,Squashes,811.1416497821932,-65.96554370422352,24.485690710071083,892.2577244583897,172.36699142271823,55.725944533061664,15.502809892292216,22440.157331601666
14,0,Eggplants,973.035602924965,-48.22946193576129,75.80464753197953,1067.0744826304012,183.7394348368936,10.680741153935235,19.031256928196925,34067.20300504041
6,6,Papayas,273.81219122563294,16.604328760380085,28.677383111867407,970.3549779722348,109.37220595104974,99.1521431862229,17.90908300887981,25933.8355819758
20,4,Peanuts,196.34392461702024,-47.18552635767165,81.99201058712157,1080.7844725780271,14.120650467266993,27.69964517640101,7.748140011612048,62012.84821212586
5,0,Okra,1252.8368581101408,-38.34446597571634,29.94975446571474,899.9410968283116,170.16713226481968,52.37403765500558,12.118334330880828,86380.03786973048
1,2,Peanuts,172.79181595566632,-37.08337565722266,9.319579023918044,878.8289216971671,96.21001338437954,6.877889147924476,16.11876886861949,84174.83380116266
19,5,Eggplants,1520.8594006318535,-21.01795705921937,77.92981258303462,959.2376371185148,34.11885851522221,53.36245176222558,5.055472658166661,99700.3746702187
7,6,Peanuts,303.86538415359144,19.088420924972155,45.157153748099454,908.403815476184,28.87838756730425,64.62253413522733,19.01319706637337,47347.65526689458
13,5,Cocoyam,1098.2747843488182,-53.52659884835162,79.6137679363543,901.9466846521484,117.05092084832016,80.82121260800847,9.54109102563141,77255.09887587823
16,0,Okra,1306.0121136410246,-53.06890529437419,31.715304026604507,951.67940328177,211.92009047365104,46.0734641356377,10.997345649732551,53755.55114708807
14,4,Corn,749.1149453815264,-62.48304771659575,9.964404207899149,942.3851149752008,145.37015184881048,40.98433849761324,11.043630931582827,72381.1870195617
16,1,Tomatoes,3.987801575496519,-50.70227601445608,87.59880095497745,906.222762924873,249.5148023425713,16.73404893910361,17.109076053360013,71880.02690297614
16,6,Corn,474.9373044350313,-29.590679593198274,22.80924276724381,884.3612845079253,46.17901533552609,38.121568759273615,1.7596309732512605,57810.02013761879
6,0,Cocoyam,447.4566423608391,-51.69442043453685,4.530774177700692,970.6384038936692,199.93265538568224,48.31264099941638,11.399718455921851,33101.67168726527
10,3,Peanuts,590.7105180547019,29.180668759907675,66.22227680602676,984.625552586458,244.81181759993257,1.744059786674479,23.040204975921235,77003.24165554447
16,2,Plantain,1685.8963912246827,-41.34762982627265,89.43721741501685,876.7863607004365,186.5683845158387,76.3436753897134,20.85098946131975,66614.17626368106
15,5,Papayas,696.1318090612353,35.83146961734643,76.6492983184342,991.1544676244674,175.00347240745472,35.087875925429465,3.953198904733135,46229.80013730426
20,6,Okra,490.9058936568547,29.64202645355384,37.83123209227933,1050.3146659900772,49.6128503088233,10.890130133740117,14.758203640740078,41390.66660733349
9,6,Pineapples,599.8169949945091,52.67874025700259,77.10840615950634,1026.886417615311,64.7500490283166,78.2792773739622,23.52012996820065,11399.754352107184
1,4,Cacao,1147.681177864751,31.12181908426855,10.943791301564742,1036.0331970997531,257.05154254473183,1.0428867761920868,17.799665234957338,92186.3007819134
16,7,Eggplants,339.2516970753412,-15.916452493869684,55.2582548594499,895.4266755753023,114.81843660690988,16.775529205423712,23.611496777312688,1793.0889644401038
16,1,Eggplants,1381.4411997285963,49.53097222988221,28.080603092878075,1072.4797902518574,74.77641985358953,5.518706315829725,15.10459835122732,9296.788975879976
6,4,Pineapples,1797.5994402158606,-33.85193927624008,0.690204778302983,1023.94235095311,129.04713417649234,42.54232293326662,21.460968378449166,50174.45221163802
16,2,Papayas,1450.992251059823,56.27357678867408,60.46155401634805,971.5233653132708,139.14476356093422,70.4592072145779,16.316015511253646,24030.440299371858
9,4,Corn,588.3987019614751,27.04078514828089,28.832331939267878,990.1846293264696,189.6650624878621,81.99657987822542,4.9630989681653785,25799.49014106333
12,2,Cacao,614.8934337679389,30.4768092615751,30.336941512910588,1034.3319207544052,285.2092649497376,89.4781092031757,3.047781991667597,40447.90886530232
11,1,Peanuts,575.4376018445608,-31.194160037601733,68.26531444785876,1080.088862734541,19.66430371941648,0.8697414363864509,10.296649141391663,85051.54580717164
14,4,Corn,653.4844738807107,33.09123414582295,79.5373650954827,893.1905623781141,123.27056272206576,15.762874943149075,11.23680596995502,27438.93312574333
1,2,Cocoyam,583.8000490088151,-46.52727176696274,14.823191819123604,1032.6749667782872,70.61655070130425,96.54829509402632,16.67184281851744,20322.85156923863
20,4,Cacao,1324.4011520305555,15.653993509878134,96.3654929567616,899.1399697408152,185.1894344787549,57.605144412092855,3.011414661093446,72903.07961115168
5,4,Peanuts,276.2053004450018,-16.40007822103759,44.15309495901569,880.7169018431824,15.594378834778356,96.24199407686145,5.419883872669672,54954.68782651964
1,4,Cocoyam,520.3556241484704,56.68279228827844,68.99830704321475,980.294803574626,96.60261271569064,54.85359471306656,20.55380524947799,11475.955935485594
1,0,Corn,733.3329179698405,-56.23182935075236,68.98831397123584,958.1791353299028,33.97537891738792,95.2546267823778,1.91453881390164,24432.229680519835
11,2,Eggplants,35.99493536326443,-6.205369943144163,67.40076702889864,957.9680191677684,137.76516252600626,18.454621736003173,14.250874940605016,27434.67603112646
19,6,Papayas,924.5747157902472,32.364211038995265,87.67204905327718,1014.1861291375548,89.19877144290741,96.62560683317903,23.56962081224538,39432.08482113605
16,5,Plantain,5.554849405414419,28.50977062829621,62.00808998389228,919.9593273438384,228.6714381546172,30.618766597912373,22.1730314766367,49790.25207181794
10,0,Papayas,1236.3823313358876,0.5728032106434,15.255443131433388,958.8718418070778,59.53814660282627,21.41799721571697,17.602271193387352,42661.57112298492
6,0,Corn,686.8699321062484,45.57682457519739,40.03450785886002,951.4030911914342,284.83002278992114,73.99956022399749,18.37862923411111,90429.7549237255
6,5,Papayas,1662.7740700583165,-47.19181724325774,60.343618450789606,970.5785739710578,193.99174446889407,72.36711703011194,11.553383810001362,33821.26315227403
2,4,Corn,1499.6141999526326,54.6325017577375,54.51657082761708,1029.0398332238638,223.14306070387053,92.88048152020994,6.983388756340151,38716.28357442933
8,0,Cocoyam,120.9311364290851,-3.766989222440415,79.74730086401686,1013.039736195742,169.82170985768985,17.31514879338031,0.6616451033180901,96629.75993016503
17,0,Peanuts,1250.1266517595486,48.42307883581235,3.188564889429546,913.647528103446,269.21693644032587,52.47086124657525,6.257294486526074,87604.01967671438
1,6,Corn,875.6571156388595,-30.012559608236067,16.560203676310515,1034.0997477534436,49.18787289706842,45.74067396284139,20.60058703936297,90287.60486173756
1,5,Cassava,1787.430002747093,7.681470394458799,87.49618820543417,912.4896122317616,88.11648715273155,12.950479464638777,10.206875674070954,54614.83474127785
10,6,Tomatoes,794.8391469378156,-3.250815124877292,3.1604995966843075,1058.675031382776,277.6134132106088,99.3091281137898,17.941783739852248,62988.93100553595
7,6,Corn,872.8916591671322,33.050648360775455,52.755938072858456,946.9264267557162,111.42605352919924,62.13415396842855,16.766049804198083,84180.35978975066
5,4,Papayas,1655.682346013146,-26.256491513012584,58.38056143722387,1054.910145093506,183.7326402611421,45.67530566420408,18.56365156831106,40675.57025185216
11,3,Papayas,1427.874414789717,-23.569950356276507,12.40452337608402,1051.765067617849,223.7840612869877,25.77448919507485,8.305141200030452,78858.39696431621
2,1,Cocoyam,1093.1568668027796,-76.04022537479312,41.503933312051686,907.4512402106942,259.6149064162151,32.27877056053845,16.1511262094416,89187.56230246102
7,0,Cacao,1598.1936224504611,41.776221782883866,64.96519347764966,1060.5080424013474,173.85787894622706,91.0644365290489,2.2649095597737103,85627.7833443532
12,6,Corn,743.3806820139503,-24.49978550218012,1.4075856284766264,983.538908170376,9.84527660956097,26.54096260112277,6.667773368793626,71935.89101496634
12,0,Peanuts,1162.6085017901971,49.92763142484237,14.99287282976539,894.3585601431114,129.4798711568069,32.84710587214138,10.820570488429237,22965.03745471555
11,6,Pineapples,227.6817601653441,-0.1723015955265481,44.96786060706579,1053.40854840696,15.496411030958868,18.23335515654403,13.002660881550703,65880.69069485506
12,5,Tomatoes,77.01724836467578,-77.76487129953924,12.568653171809627,914.4591918350436,1.6378590865354423,85.56333608722339,6.5802299905783554,65932.1783171936
16,1,Cacao,976.0004727714332,30.42276976549043,66.17572508725787,916.5031164585798,203.1265743161098,79.7136736218687,4.236523753530764,89442.52455933424
20,5,Eggplants,1019.2686679009156,51.004202213523016,0.695336888066389,1020.622429879476,4.193118586470335,64.31762506796565,0.124350159778956,49649.30310253381
1,4,Peanuts,1279.788130585027,-7.329105564099805,51.22099031392523,878.6706403225564,143.24992641956337,68.2102547534762,3.67864078813684,73908.01830285297
6,5,Peanuts,1189.7671171135248,17.971045523760807,43.29396642342807,978.2689719001296,114.99617011577097,97.13803144347442,11.964404855553582,75199.95007615117
4,7,Papayas,332.07328444577456,-78.47398208189341,62.75043133621448,1048.4055572500015,40.81862507497846,59.83646867596979,17.750407184724164,82279.9513177183
17,5,Cassava,184.9029291495428,-45.91255839890517,35.68207054654483,1033.283592937775,243.762250547242,49.45271843535033,13.479681302086636,20363.08847002285
11,4,Peanuts,478.7989847684724,-56.2616007057861,45.96236970311728,1057.4976711483237,114.65571325116738,19.96009545228168,19.69982457690682,23364.610204747227
10,5,Cacao,918.3148441634336,45.574466833143234,29.06669612844439,1008.769522657018,253.9922077369008,72.15281252381655,8.090577009029381,92868.35664962794
15,3,Eggplants,854.7783325134694,39.92758740442567,3.3041088138595742,1014.6852786769748,34.245869371192164,91.50488104832426,11.566547565782836,79979.41228595996
16,5,Peanuts,1089.3515433676018,-81.47994563633063,7.9601933208825475,1037.3105638947177,109.49705986738005,88.91755387756211,15.328392995625263,67757.88509276239
7,5,Cacao,361.6138850564658,6.0026906276486045,2.044952208109374,1003.3357840602204,227.83847331094145,1.6217222235703987,8.55240843166829,32699.29385100936
12,0,Peanuts,1168.5067625267002,-81.99160796451368,0.321905731796146,998.4166955980996,210.6935774295513,16.55904409738824,19.041872692048734,47386.90214519732
14,5,Peanuts,403.9595610058985,49.03977784355821,95.8614487311912,939.8073493504536,10.018548846773678,67.4473135654464,20.99560635282153,18253.710789543333
16,6,Tomatoes,388.9664503449992,-59.9704773403035,28.70256065562528,1058.3727697689928,295.96532312606536,44.112724928953504,12.438804691384744,22696.91550304765
12,4,Corn,1024.8647328745335,-77.20918014343391,70.43956420574706,1059.6507315032327,108.47818984688884,33.56884948504868,18.446833248244086,92841.23816151186
4,6,Eggplants,505.669122445891,-29.205061367041974,31.41701969053674,1007.593795496892,122.5442613865274,74.5606503571131,0.4612644205170886,45641.37609393521
16,7,Eggplants,1369.5582801737146,32.41174454233595,83.271263056143,958.2017723094704,263.8231292999192,84.8289549085738,0.5720893918186896,46634.39534975139
11,2,Corn,709.6179275754846,-53.2950754045409,15.4829155513315,1003.791008824452,27.09364215095098,97.44686577477886,8.414346114801013,10823.308833042478
11,6,Peanuts,1694.075880106242,38.23913067525069,97.62689938171016,903.289642535618,214.98794029467788,24.27847108739616,0.9622982397696332,54170.98101356807
16,2,Corn,438.2095328245252,17.43469824809351,24.21090406579264,957.14142772859,92.42042896198409,46.72775877084233,6.6821570334534455,82168.49925934785
5,5,Cocoyam,260.1469464668355,-61.78358361820848,26.286145582595523,1035.6599363541227,73.70093575828164,53.22456064295924,23.546606079091365,45301.7842002171
16,7,Corn,1635.8466045642665,-46.47353000686629,78.45217779197657,1002.8428260601628,20.24109268725731,21.77843424464958,6.165412913839999,94188.61469977682
16,5,Eggplants,479.3370098477234,-2.1223138656833958,33.847107308159686,880.7825067489938,72.16110901527682,66.7432877350458,2.545351609934148,50865.236775939
16,1,Corn,897.7736738381578,8.039089059453445,47.18144630741804,923.3944757793132,72.30897442173189,25.24412619644252,8.25130322399389,14898.852675494843
11,2,Corn,413.0731657787672,43.4840687482867,98.3519266620587,918.5903502982528,17.955272917037355,70.56995277574394,16.74328736432397,45323.282817344734
16,2,Cacao,1234.7761834990204,30.233912402642236,21.304153230351908,939.16980229197,260.4287677522008,52.23713575335317,8.320876688852987,73326.15091111184
6,4,Okra,1224.540469792588,-41.27775799112896,42.75851391659737,1004.854549343039,116.64383378081456,28.72965122003236,8.58503059213777,48475.110331204174
4,0,Papayas,1299.4819457521262,17.63078750239275,36.74446207445469,1012.3792617625372,230.718143927604,66.01151354582292,19.622453630297983,71278.42762907968
12,0,Eggplants,276.584573488416,-64.03912353342433,30.540644419332995,914.1649122353869,77.54223235644751,80.52259251119762,11.436403389620288,45409.530916995165
12,5,Corn,1459.7246286342984,-62.97428345372337,64.74127350746754,1012.320792515566,62.77277868637904,8.918381298153877,11.87344414481823,53674.13719694901
10,0,Eggplants,1607.3189400425545,-65.94618633712145,1.329322067520522,947.9957036858892,50.24328739903835,2.1840551828664845,8.142097516444622,90380.67900045024
7,6,Chili Peppers,421.3432562150267,-68.59580916104129,92.0462694821323,1020.909514592403,136.1910743442174,60.35376270757787,23.38395273007017,5453.581203813685
4,1,Cocoyam,948.8126538941516,-57.30611637901428,82.44219076325889,928.092943092724,32.121172093773666,91.8635218275524,16.294470405433998,37735.62745310312
9,7,Corn,443.87854931948016,-79.22899895414156,33.283697765480866,1050.9376424533193,213.59923318589145,40.606965139328565,10.653622313093564,87997.41146784723
10,1,Corn,359.7305198149838,-18.513959231075944,62.43900641350121,874.0513014680673,31.720084359892407,41.58142397472323,17.849254829509363,59822.74137361725
1,7,Peanuts,1403.8631894854157,-71.96450052186991,3.864241487584852,972.3782291362016,27.81683372724585,73.31745177727875,15.045397362484014,42971.66606867674
20,6,Cassava,8.871464740431101,4.776124167968618,46.22730016724736,879.3596769007544,268.2930575264266,32.211538386204154,8.176753293032315,70286.11412313867
11,5,Papayas,1673.777022035269,-28.09796429468489,78.18933624557481,872.2254531439098,261.72819314038964,9.000883861145525,1.8311837760173475,26676.081041967813
10,7,Okra,680.8126994107229,-64.55507182836878,40.86529322225376,953.3771267240724,292.84904648320867,84.65769772238092,20.739690397942255,63766.45520930384
6,7,Squashes,1590.313757082679,-33.57287533440168,79.96170464865467,1019.2142033794672,178.3639383820964,29.60960466326593,4.045873326515335,36143.11848546758
15,7,Papayas,1662.328930063289,18.19457544633052,59.90243887766316,1037.9926663165882,126.44449705975308,65.14204791135863,12.697901175342128,39895.1573761293
15,0,Corn,1222.7988856773186,-28.87830496908927,15.197576750040165,917.194881247254,119.25223157868648,83.91534394768865,5.915207023757151,20410.53138259078
6,5,Pineapples,1625.779739720488,-72.59080907181706,7.369908009512438,873.3446846400185,130.2804461737977,90.68501610343564,3.482538422542106,9340.165902682897
12,6,Corn,395.4471184262577,6.405560267521736,61.966148492037775,954.6175972340734,208.2659936551912,12.280289775806596,2.1688658904267824,11943.015872105956
2,0,Okra,1510.2181715715112,-87.63306170905605,76.85608432973994,936.6235907352748,153.66343204054544,91.89356651465027,15.49994073729868,74521.16006359375
17,0,Papayas,1518.189418228744,-67.21434759616552,5.288188104769587,1052.9473046363548,61.007910481895536,46.75610790973286,23.672611655396807,61858.83334878655
2,6,Beans,1549.3341746793512,9.526450773604552,52.95539283140426,870.6012405553353,124.68495733691644,37.20505695763428,15.753147693196109,86632.54206165607
10,4,Peanuts,1539.8147270958084,-46.321109502661216,69.29423552373987,1070.923916285367,121.0801798969432,59.10266428514833,17.38608552900057,88537.81394475483
9,0,Tomatoes,291.5879253973803,-16.407068624044626,18.649322016707305,922.6183135393038,212.49528293898211,49.144005133595336,16.139215655225374,3719.6195164932224
19,7,Tomatoes,612.3845707438778,18.9263887229578,86.62690910593803,996.9108339543438,107.30167321242456,85.45618517878198,2.208425738595865,6891.690948866136
10,0,Peanuts,227.5256557765882,-37.027091144192056,75.99666561962613,1033.7395930803434,27.939112320002145,17.287137820166098,18.075380274715243,91874.65315056931
1,4,Papayas,435.8761642756411,-46.02881811581235,26.58586206827969,883.8606074714248,199.71393906491463,71.81337161014449,4.758981044087989,11728.090203714792
17,4,Tomatoes,611.9783128742545,19.617862649521054,68.44358428814058,938.304693482813,152.95584589525092,8.178388541190573,17.543846184998493,28399.01360706509
12,5,Corn,1272.1014094885086,-1.0408081180031417,7.994878214935319,1070.0352432343068,59.66248345504373,92.65133294164012,11.901180543016228,69864.37326222767
13,0,Peanuts,888.2300021267428,14.83289250747518,0.916633047967419,946.8075377181364,247.17939284505923,47.76590205088724,17.632308845283315,49521.58614806552
10,5,Peanuts,1482.130347029049,-12.441790697215223,26.01514084607607,1057.6977240344308,156.00966367805432,39.45237074529375,5.319843623980073,93131.21167633966
4,0,Beans,831.4418835892009,-37.19921301236358,8.837801231685061,968.4525273676668,110.57540394294284,89.97062905173331,19.704475359325183,10586.263707280874
3,1,Beans,465.6540733754044,-88.39982141424574,30.02469823070314,1028.003629426775,117.54817119211678,1.243412238310737,0.2648096067380479,99748.8169521309
5,6,Tomatoes,119.13433527549428,-52.7948041105099,16.49957951868588,930.4003267951042,240.41476668452017,54.59068227308981,18.670489386771333,57061.94109197681
16,1,Corn,417.4023696907229,-23.539595093043037,6.476983118391766,958.9946954309152,129.24922199911074,53.02792103377063,9.130494813073517,12079.275735986785
6,1,Cocoyam,411.17249205055015,30.021549473089465,30.80722262223513,874.4031667091002,269.68212047897333,80.4366485045441,2.129282534073424,1094.2517203854973
11,2,Beans,675.4508339816971,44.443095738012246,55.44306621111063,1037.2953211699305,171.19616082143207,58.64676877741288,5.158200927378847,73337.71440299498
11,4,Pineapples,1525.9529330638502,17.859359180780302,42.873067241330496,968.8604545965644,291.7438660833943,16.370027977742197,8.488147731671262,16000.080218701562
10,4,Pineapples,331.23585242030407,2.4690840382724133,66.0394935149402,900.0948171377653,212.1033508673375,9.83965733077351,4.959192915966925,88977.08975121519
12,7,Cacao,770.4617722851109,41.43880446802804,0.2870925411539438,1033.531395587047,172.89669181516408,27.582147504606613,19.870882355711647,97744.22343789792
13,2,Cocoyam,319.2535304571008,-86.73681229896685,86.97004173984176,870.2950642326276,215.08378637691183,20.005993663850475,3.783604791135988,32894.670732930885
6,4,Corn,724.0773686072471,31.56091640421292,3.432700341031292,1012.9369640728336,157.47585583182934,16.86629653380737,0.0938587175210603,57029.07462158588
11,6,Corn,610.490447165098,38.31211079228139,88.82822430039725,1052.8737419115266,73.28990701296112,90.47293841023506,17.257389145859808,99969.71156937718
6,0,Corn,95.72179448736247,-81.89741805656406,14.982738551862928,958.3010492367664,188.20360543437604,83.71893545344359,19.30310928120477,39189.29585212202
14,5,Papayas,259.09325229892147,21.361883230542404,35.7551499485702,934.2547188183162,115.94294688753828,71.01009364089286,8.687826800396625,34448.789440653585
5,0,Corn,165.44898196937837,-18.88022994090853,28.929176920075605,984.2465293904644,80.2150947115454,79.34292274762879,8.725867454372855,91927.75788245651
20,7,Squashes,1155.1203569204522,47.753389851301066,86.97243013291127,1036.3533980630227,31.36901525746316,27.977321305971326,10.111998567905712,86448.9084733659
17,5,Plantain,202.9839759178484,16.572932635214755,56.77324955888169,956.3901770232796,196.76827333980728,63.24037854058698,10.369882604299931,51294.2463265501
16,0,Eggplants,1760.4711375852094,20.684011472123487,81.08411388202641,1030.4366126751888,255.1538449630694,97.15326707342598,20.851215992804235,6642.5753398298375
16,4,Cacao,623.8176794255361,-35.190688548471414,50.27566575826326,920.356942455084,208.60558492314823,20.09499618436712,20.1857035164402,76144.4607957492
14,6,Plantain,600.464204461552,-68.58315836513353,18.17426855301878,1083.645437284728,140.79944308004562,91.51910469784806,3.345728758037961,29101.638321541835
3,7,Cocoyam,829.054466952307,43.37735103429601,12.14761223859644,1030.9352374788562,273.427520180944,55.19678584482809,16.911417223076093,42758.54396255483
16,7,Corn,321.4227139809581,-65.34097275876857,79.74720691141685,1059.332227557244,11.634196617834924,23.73142566765444,11.725267812944637,28667.32471571389
6,6,Cassava,1261.431007829244,25.348213142095236,18.074676150887047,1002.861942384214,152.65932035471155,59.97951281817717,22.064994790591182,4131.086661828143
5,5,Plantain,1412.572966933678,47.68423728702133,33.03466763811096,938.393148584652,204.98989824567036,82.99865783600737,10.051892115264176,86687.28131941339
12,5,Papayas,1636.8653546027424,38.07370047538072,48.242081157380326,1033.8786708068176,267.7974668014712,19.687346320508997,23.560273963348905,17630.402003820876
11,4,Eggplants,1394.0782955795355,46.21865988296248,10.097743978770268,888.8745057650415,209.68931845828192,84.70125565674896,16.7990062340815,99955.04353346734
5,7,Papayas,238.802315102486,-59.27106677596296,70.13564640326237,883.9715576087268,39.536539667984286,80.83481201736925,22.68824503150539,87364.07960426503
14,6,Squashes,412.9980433107117,-72.53435654181426,52.98833278201573,916.4799496096796,293.8585102916347,47.037524474584025,1.5720851173575705,7877.586058916119
19,5,Okra,180.87872598976224,-53.14728676652819,89.55127428097515,1070.0980819151564,163.99809705777702,65.54088308988307,20.64225670251413,90040.63128878028
4,6,Corn,1301.7788733405594,41.86445026164337,66.5584097447274,1071.9364909176963,150.1021877781331,70.1192351109129,18.99996553965033,43870.8944392784
10,0,Tomatoes,1387.06389239731,-79.74843761776089,98.24202212183609,1067.7537988773029,15.498544970401184,20.73421646295456,22.42810436063296,68040.00656631554
16,2,Cocoyam,1308.9038487765094,-65.20391459957476,7.983780385602978,995.9358676086716,213.53494999453088,80.8817272460169,2.024855311851548,23510.70789242943
6,1,Beans,1042.9388296346124,-24.21990967952837,37.081244387453104,950.5670966608402,290.54246330586,43.69720135678207,20.334712031358876,30451.44965209984
9,7,Eggplants,95.25177436426382,-36.39877438649762,97.45881823307138,1018.8229135943976,77.24538904193912,44.68001740672545,10.969822506602636,33571.003007071035
15,4,Corn,1511.9978131592202,-61.799943579612,21.13912676185173,1082.6951967458697,204.1978836666925,0.5126198200627541,14.84109228341221,51553.95270773296
11,5,Beans,1649.3522476312255,-61.82323489096507,89.72922683095355,1042.696801356677,184.81041583213516,2.3548299997432576,14.421757219167084,5075.690081421635
18,2,Okra,291.6335605786238,4.023420008567086,89.33418478071764,1074.515322082647,132.97643647339024,81.55425984541209,2.133704080077897,57195.9643492328
16,3,Cocoyam,56.64963555120388,32.1653723985993,60.55761450939008,976.0873122987568,292.9292526706293,49.46783941046213,18.14687221685137,21270.16398822957
11,6,Beans,944.9088322142642,-45.63854782483504,95.44557571572729,897.1655209192118,91.88510197202793,18.6896040980332,9.290936887770927,61642.85148675859
16,7,Papayas,328.0724501682491,-68.56727186921711,81.92407232926384,932.8314700697532,61.67858345120288,24.809729228954502,18.83623311730434,7925.839187957739
1,6,Squashes,612.5931208145657,-14.4165398596175,53.3966226773221,955.3201742323838,247.0105925076753,74.50346469646072,18.07137414337561,63943.43479670378
4,5,Corn,933.2355968653892,44.19458890182982,12.294042741468846,1006.3346391163408,107.66273175710208,35.08790544182463,5.9478038468285295,7720.059243513966
15,3,Cacao,744.0568549719059,-9.332016582067268,47.7369043866336,1004.9667769887652,112.3771319742727,19.14319651544045,8.202002812570859,6799.277027706874
6,0,Cocoyam,556.5056037891044,2.448222207177224,71.76257226203495,896.6098294205351,295.14052967955746,75.89178569109446,11.394160608603729,67594.33075057362
19,5,Corn,321.7141225610716,-1.3084613135996932,71.06437794919474,935.571387488473,229.22518588435852,43.551306204530405,4.624194516712726,3042.429027062499
12,1,Corn,1525.335018051914,-50.525301848296586,22.539699662369685,871.7261035043382,241.3235370833314,82.43778562944115,17.907363808964135,82710.95824063814
19,7,Peanuts,1671.937355760061,-69.68212045067692,96.9991324915007,968.8648322882004,118.18108610188465,51.43285628935149,7.082754531899039,30035.846220688643
5,2,Cocoyam,1405.3849052469586,-68.21159408375236,97.40896176471404,1080.9899048412929,32.09813936702317,39.38821677555235,21.942414581932766,40833.00725723962
10,6,Cocoyam,1044.9620785442482,-5.592819142450821,12.14475439120476,870.5318637339119,111.2176359617784,90.69777249175088,19.69323638914012,36459.962631547525
2,7,Papayas,1149.885968884506,45.20387324276466,59.750662821214505,1040.1318028497394,281.41089121338086,63.0808904137448,20.09277298320677,41823.04563681946
15,1,Pineapples,1314.4612126701625,-73.63723157369593,91.2152852309161,952.8380956680452,11.304476510475393,8.376229113197676,8.76031839852853,61921.7834707794
12,5,Corn,738.1013719081075,-47.38133038817572,99.84514927845562,995.197827799185,245.02694253680107,96.80786139128904,8.089782550135144,10318.05585128752
15,5,Chili Peppers,38.25718791575559,-54.26931653523852,65.52795368434863,941.9789238914436,137.54982833813168,40.75462092245685,6.693607499327802,85890.07613537066
3,5,Tomatoes,18.849855781587976,-41.153563964515584,88.90951424393468,892.2751710401062,272.2063901231545,6.7662351298755645,8.172169734892899,44417.85998161708
2,4,Tomatoes,1722.993847328781,-48.85888091299031,17.429915017946517,984.043099825248,279.02918565391144,17.706526612491867,12.355723821964649,34087.05532006248
20,2,Corn,1622.6913161011996,5.879187955854007,73.05318098032588,988.417841250858,163.45858254148655,99.86736809567844,5.826319590237635,79064.767602836
13,6,Tomatoes,21.88667246828535,-83.16091361395944,96.54542359974614,1010.7862820275876,174.64596827875425,95.5346433762917,14.753629528225837,58887.08060696013
16,2,Cacao,1057.4561159723428,-20.435145895052457,78.44433588413034,983.07881865937,257.26959734974184,42.88281056159424,17.476043293574815,48270.33935046991
6,5,Chili Peppers,539.7949392437413,-6.564672074334396,55.54957232898218,1071.6590838559334,5.08207656158749,29.755148024536805,2.644391328954632,70109.69785965186
10,5,Okra,406.4681183514227,52.36755441772466,86.29352055881225,1046.8815487329953,285.75021970697566,30.80239249920276,17.67992898874435,12927.201932086396
7,4,Cassava,809.5316911632073,-13.997314346420367,92.99170611043436,945.8983817455636,8.124369957000066,9.637754740148862,15.1964534043261,24913.53658900729
16,4,Corn,1240.532792187419,20.75746845619497,85.75698582048418,954.4193758133156,224.82067762796865,78.70861876448882,0.6578880452538218,94134.14038787164
10,6,Chili Peppers,1389.9166671182252,-88.31352385872052,20.351387612485105,934.5197913614768,116.4495550870818,66.46981685851979,13.721929803487662,78655.02242752463
20,0,Cassava,1039.317805001423,36.319230737528855,22.313990398561103,1058.7910950201926,224.29442740453763,55.4858378018054,13.625348688896818,68968.14304240883
8,3,Plantain,1694.385943788049,40.74671275340843,32.53127800991442,1072.589904432604,146.64169966047947,79.94075735757954,18.65609683601453,95490.32962874316
5,5,Chili Peppers,1171.3061952142743,-37.83360658291844,27.32309353835184,900.758476002039,268.8761501129051,19.879667743354744,17.68746686391354,12700.72820896716
1,2,Eggplants,1701.8575230157426,43.65820890020309,34.96143541756902,938.8867896155696,190.7148557702891,20.099591640438277,10.054212197836923,14443.325340005842
6,0,Squashes,261.7605344164455,-6.919418679329624,38.10219946896501,917.7841760922072,205.73425175052336,76.18053612404195,2.7785974892936283,82212.85694905247
14,0,Pineapples,1330.7532139567916,-42.05886864009556,97.11379103428412,938.5893042094732,167.20441433405935,23.02717407144328,6.806413025753656,75417.28410869511
8,6,Okra,360.1351317202743,-47.92735134621159,30.04205936134533,1002.0575101496876,27.953928417217572,76.56322482002679,21.86924488203189,27648.996615331143
1,0,Eggplants,1255.0752330090552,-29.263192096441784,32.94670562656478,917.8964433908742,148.777323277918,18.10094848747276,23.724869313500896,71741.61795522395
1,6,Corn,622.686169078736,-42.0939485288933,2.3638144216404755,952.9543989451032,281.3833026797777,19.824287227050363,20.834618034537623,3112.60026169905
3,5,Okra,130.14260804584993,-43.89337444911341,20.10222901810864,920.467798716245,218.71789291485211,1.7757449045702756,15.707476209107488,77551.95983882618
16,6,Chili Peppers,1111.5388250449223,-76.54982955989612,98.7324380001012,897.040022538878,162.46819934077743,15.9593068475832,16.901808827884288,39200.38432562709
18,7,Squashes,1727.707096047364,-66.75302588256204,42.61800128790334,925.422897997354,165.94381817752972,51.90824849050552,11.71401581514101,52577.99810093934
7,4,Eggplants,1616.0299788815762,-51.05222950108035,48.22211397285868,871.2519914981983,93.94799312455557,47.9298756832823,11.467526426886856,20000.392102027843
2,5,Beans,734.1624479888355,-71.4962408708012,90.69169410266444,977.6654660231952,77.36394736243719,46.836104641148026,6.676920212041902,58963.64562915375
9,5,Peanuts,1750.2783070938767,-36.49617918046475,71.27919857766545,911.8646604133384,71.02993251921984,60.20855080141773,4.7779315821628,27868.45077178544
9,6,Pineapples,647.1921612940428,34.58124362339035,36.15776758063078,948.6134381185811,12.816470182545093,94.84758165043662,7.571285043786051,92114.482038281
9,5,Corn,1784.4477610213405,-20.0946278425115,97.84745900424252,1002.1824045585544,17.38100058256069,95.49059056397827,14.11642378578519,56704.07108403411
15,0,Eggplants,543.7913087723242,40.275714549451,23.10133211406049,908.7889129224902,184.8225027982085,40.73725559744569,19.32267494596,422.8823140701943
10,5,Papayas,1745.032224176607,30.118245574300616,32.20488566188687,920.1256072623676,64.58732946127539,76.76996152121231,15.93499545883592,21142.281177556026
20,5,Peanuts,671.6822451390979,3.131913116599918,70.96569044824503,1071.3655511224586,161.52042069443962,21.207861946401685,12.589586574761167,12676.929422020012
1,2,Cocoyam,812.8152285373654,31.91152055084376,61.0398999933119,927.7153064239974,23.48950340721701,45.56948404147664,4.627810330465931,73496.22122537732
20,0,Pineapples,1064.2474254526085,21.19820304529561,92.01630114464952,986.8093414088268,294.8217249974498,69.87127676173877,6.158284893153403,60694.66506380856
15,6,Papayas,1379.8844760239078,41.90112659281103,60.64126237914788,885.7386793502925,239.000583886385,57.56266872121003,8.954451480211173,90217.40927959076
5,5,Cocoyam,648.4376654623263,-53.88771065971267,84.48419147649095,944.2637701683802,196.81279392711983,44.671205612461385,20.901575727550878,42308.46792383335
5,1,Corn,911.0820496476938,-79.68210944183531,70.67837650139064,1078.6417866134952,275.13214962162937,13.513512853850184,20.41083668701778,8030.398659852866
7,4,Cacao,1292.167815825634,-63.05527802341136,42.91564134121416,917.118743379383,292.02013298201376,53.217376976302845,6.882135543565003,59371.97659798641
17,4,Eggplants,173.455890037182,53.48427960641051,81.07835865990155,903.7970800710752,283.4489015053738,27.03066453431284,9.683279924153798,13675.045841479116
4,0,Eggplants,81.19152501755936,-1.3003251546577277,25.068018356390464,901.8795104642422,171.89260886114343,36.319480679595685,7.294783730649052,72491.00017234674
7,6,Peanuts,77.19009824672065,30.979470546083174,12.214616640450735,984.3828520361164,220.50989358388583,48.111289361267175,19.83743822495127,69825.1688750617
15,5,Corn,1112.700262119598,-48.12276838730235,46.5251837802146,870.9179459795872,274.3223869283552,53.03697665110519,1.0128127353729912,55117.36901864487
1,4,Papayas,332.39172089347943,-70.83880211564777,61.21841731998422,996.9449780998548,155.854814657384,85.87608664818899,21.196294909864925,49822.157664853694
1,1,Cassava,11.039412617109656,-39.32020567207344,94.7126744720295,1065.3917891164722,180.6178865588681,20.823896962434308,13.98075250193662,28887.7637188511
17,6,Cassava,1561.6915526626328,39.369908710178,98.69537180641582,1078.071188365351,124.53153948944131,55.63525196257292,7.713742947353443,34107.28407421132
10,6,Cocoyam,157.01737774750814,13.628266137141525,37.02209810856759,999.4988509952576,69.04023439644385,25.876266206801635,20.792962864706617,99087.34372856528
11,5,Eggplants,1690.642760290571,-76.8163608548391,87.39218857159887,1008.9485073712154,94.6484454431391,44.46042475471607,13.153406123256364,44646.16216993464
1,4,Chili Peppers,1518.7949171407909,31.85636512199153,6.0885901466487535,951.4278480454568,55.39638330216214,78.53894749572999,16.9785669470945,60618.35126051203
12,2,Papayas,1010.7546569350778,13.80747225891021,84.310144244209,1002.329183085426,74.74078307269878,32.454103877961494,15.42784610779324,38193.616778512594
1,6,Plantain,906.6646299680168,5.075756082399863,59.21755512135463,916.0817708119348,17.25285617753165,4.156799927066535,18.72148541471323,55432.09817396736
16,5,Plantain,503.68851153236665,11.534775031653808,37.355596743163176,912.9861127771268,271.2634970234527,46.7098065795084,22.546959824902103,9385.81070419241
2,7,Peanuts,726.0604499957698,8.747555190227288,68.61883410793895,1014.6310716161304,269.152061505137,53.20523104167447,0.1666427354815951,50165.19251901607
15,5,Beans,1684.2284794447871,-85.64585905911842,67.59281846315642,1013.9601141917848,162.82822016974862,30.622495214266177,7.255129741009114,24899.18286626561
16,7,Pineapples,78.30164174676091,-63.5852208767485,58.96242954870131,929.9092594975951,136.81835201684115,35.2827187492956,21.40135822384302,518.7477169852128
20,4,Chili Peppers,1780.0815687612628,-77.84428619333387,96.54684226164213,1076.7419799785312,65.93716415756192,33.50535274851685,6.779741304919218,75459.68250321898
5,6,Beans,1177.1991548304873,-45.54237132591562,97.0118829123338,870.3947554957682,237.4255288970288,84.19683219625564,0.6021233973807778,28911.297961609416
9,0,Beans,849.4513012452733,-33.18735971414844,85.01283335932771,907.3587972978078,61.382917696670006,83.92505137250645,12.767973395303832,14161.720820190316
7,1,Papayas,1343.4137232915127,15.437009732663128,86.59664820980684,1025.409251616884,268.2538047370992,39.31328580919353,5.697259402855854,91213.75468743056
10,5,Chili Peppers,1023.9774922763636,55.74166621559495,90.92449449931274,917.7043642218272,255.27376135286508,4.5945851541509874,10.608315078174783,27668.51803714104
6,6,Cassava,912.9439811562312,-24.29231624423123,17.45334488472884,871.114152167223,200.9731159925988,60.00105542268236,22.98215804073744,92484.87258628594
16,1,Peanuts,269.7784280867434,-83.65609203662139,45.96553206914149,976.8495429974536,74.32064336827426,77.66558880870728,1.378559289758293,7960.641487119246
19,6,Cocoyam,1738.320838909296,-69.91214681638348,25.53031022720201,943.4604496723252,98.70583160747498,85.85857689145529,10.267509084119933,16164.386232868175
17,4,Corn,1149.060017235519,48.42434059923504,82.3575261707662,922.083564333924,131.3898833485505,22.59296936393041,18.58837626832004,97470.96396444296
1,6,Papayas,742.2333050235476,-46.730796345004,94.44754085177811,1042.1367036067436,137.22431641496266,88.10562683469433,5.119372795172287,51641.16259416546
15,2,Peanuts,1251.6592177599653,32.0206017305574,9.30352941331468,1073.2489707155066,291.7034378731891,10.169250120099347,18.062343858003008,71415.54753414859
16,5,Cocoyam,1787.4508011025202,10.406137759068002,80.66108066237287,973.6766205035094,248.32301243784823,55.01620353230685,15.290242649845236,97134.91710110071
17,0,Corn,111.6542853679847,12.300884513778383,41.48561187124065,1050.8600880162935,275.63337038327154,93.23377411337546,19.114685737315902,37339.78056630072
12,4,Peanuts,437.1762925808053,52.19452721267386,52.26717091312989,917.9360068212974,180.76359757965145,89.58779490451155,9.404283654455892,70515.29470450882
4,1,Papayas,1519.1360521035235,2.516329141494822,91.45923371829475,908.30427263035,195.55294258714596,94.5764283706955,10.563609798350388,59278.14028075921
15,4,Tomatoes,47.97635195556544,-80.5919336364389,91.32805821743338,929.8787021893892,246.9034117904316,44.49565636630069,12.046559131924363,30179.87399738048
11,3,Corn,1719.6496743171442,-78.64618212813336,30.491622126946066,1078.9846739502498,242.19724608391763,48.95643133661903,23.587168540063537,55329.25939075185
1,4,Pineapples,1385.8804816689135,-26.164934578457437,54.86944675212714,986.8646896126752,164.99052883976472,24.96553524442009,16.776626383527628,19094.702167665106
20,2,Beans,976.0979649730004,-78.22904768177881,32.192489615999065,944.1546282548228,102.97800435780402,99.1578308064244,8.253921533528814,93709.31627967751
20,6,Okra,629.2745730203388,-40.283894920036346,38.93397477029025,875.9098750671217,245.5672613675968,30.55721802228913,17.441047892329827,68304.90580504805
6,6,Tomatoes,154.71092869512856,-59.44759532347433,62.35865214105396,906.5057167074816,21.660289340188157,89.01020985753763,23.107210453099803,48323.85512012157
5,0,Eggplants,1385.9051731794498,26.75617678939146,48.43816783516615,908.3607833162324,198.18756949207076,55.150607590359066,21.77782668538996,38355.42022946373
5,0,Pineapples,715.6770162902766,37.55579681485901,85.18411189536195,978.8621821897112,116.20371006983169,11.656116639451453,19.624727605511,76469.7744147028
12,4,Eggplants,1432.3983693225744,15.72973049794834,5.61923937680342,971.0332364564832,243.3697603953617,90.34223799825364,18.860610596841305,14794.922764144314
3,5,Peanuts,1241.9596004757968,-72.77636621102769,77.40233892890036,951.619102475004,116.90651095907096,20.056666345215238,9.097720545738692,74938.69179462572
19,7,Plantain,1492.49417461268,29.714803933073767,10.835031774073666,1019.5846892441504,289.60584331404067,47.70692092123667,20.75668439489952,78089.1030287065
20,2,Pineapples,413.5479385542701,-40.40005375627758,59.61608717215638,951.0141491958594,111.5525068948936,29.861374324644892,16.532614640204805,81162.81390393797
18,7,Corn,1551.0547822451324,-3.642923458082464,50.276473376729314,1054.439455174434,261.6069542117252,20.90228372965477,10.961418552684297,63155.79547941761
15,2,Corn,655.1017846174158,2.036237459409705,56.94124649038304,904.0246436532908,279.4186000867097,17.366544450762333,20.64490303023285,92074.35123403996
15,6,Pineapples,681.6118967187108,-12.522258602320932,30.061966229520586,911.57190785868,37.60600825402919,25.87439611926382,0.3402153440681239,58256.9318528392
11,0,Peanuts,403.6016543595499,-87.56824528727539,24.09783250233161,939.8235927966508,86.28015835981341,44.53652381286993,17.511968497697275,30763.522774076067
11,7,Corn,1024.20866905372,-74.74621277094816,99.5111515650709,923.6305996579296,150.566371926261,62.40975674199474,6.756874249008578,1465.9020157290704
8,5,Plantain,22.737346059920792,29.43550484429284,42.94532890677267,1015.2692918298628,89.74180063266981,73.0038534943726,22.377331199122885,38236.06804447792
6,6,Peanuts,1327.713499157444,-42.24092497043695,79.19993385567655,1048.6384939654542,263.797372802061,0.2992237396136077,19.51209512543879,43539.40131502455
9,0,Squashes,1079.0172014726832,36.35308642157224,35.48639387757919,991.987466704393,297.8938232640042,18.88000832300252,22.743306981590145,91475.81767439832
12,7,Peanuts,49.58623327387512,-48.33213667535924,6.489880834814931,1006.7936462708924,171.311795979623,46.14576850295629,5.263855049654581,76126.62655182683
9,0,Plantain,400.23214737168615,-14.789324893257486,16.67078663161433,1034.9119789651704,69.67280552883847,47.15720549312281,21.17783476029249,98276.15725648568
15,6,Peanuts,1461.3985959469985,51.40644038183878,72.26478044212858,1050.2164985382806,60.061101398891104,97.14050828655468,23.27930251852549,44581.83944659039
3,3,Cocoyam,677.8147284955315,48.89499644722106,19.88028091162192,911.5903161731246,187.60922543213263,44.95938152831474,10.928159588272992,7771.343219487836
11,2,Corn,870.8831012527111,-23.268663239222008,41.87639088546749,967.119945434403,139.84129197664723,70.0097583947198,8.385495499596477,71075.49221294651
6,3,Beans,906.54933397097,42.805220538899206,90.3720178220079,902.5594510536736,245.9827411077013,22.20128951766315,1.7795746322615766,13225.320889531657
10,0,Corn,1668.2261362564843,-49.81954700982202,57.2432726725852,920.5140150038188,16.76707237280378,35.648172456639706,12.681228642411998,87884.70460066495
2,6,Papayas,861.2562229373667,16.273644887731564,33.955514330779515,942.0713936067798,194.97576095498343,44.46702654697236,8.592656387006311,78929.01852543112
17,5,Cacao,345.7108056034378,-42.21137364805595,17.459527373218663,886.3313168431437,150.51390095528546,41.262646786116456,3.12028149052158,49789.35622410869
9,5,Squashes,1268.8972400186017,47.61477195543917,36.10992958077476,884.1675748539877,40.11750043619797,98.10099520528792,7.996212093743956,92096.67143802428
20,5,Eggplants,1738.4987218976703,21.42249426796596,78.66881171351105,1069.5858514097215,195.14802841057923,46.87441722816232,20.7717550315111,62992.4980896089
1,3,Papayas,1656.006018227697,19.1689709834303,43.55074036282234,896.553712501143,171.99886899517637,56.96239497224836,4.304590713112508,15529.914418052524
10,6,Peanuts,1166.6477653272332,-81.48909456956214,71.30187216187849,912.4069331828432,279.744123571234,99.97441022882492,23.254424027208543,25575.73257587009
5,0,Peanuts,1186.8564295668968,16.765657605118733,53.17446080165671,1004.1821888405218,123.25492412934352,76.65986780780325,17.43235168295719,41349.92976120503
16,3,Peanuts,108.65085534702077,-8.172998571847586,6.591019732041104,1024.6606107990497,287.6894927920679,80.91099504974649,11.227162041771887,84269.52067332712
17,6,Papayas,1054.7162877337744,-18.55342348444645,99.2473065927433,985.1127551670072,154.69737491419994,97.03225866365166,9.785016319925557,87542.52062014776
15,4,Papayas,1018.2895969132634,23.7146740435544,23.077783573003007,980.7832282825188,219.04106782885307,80.644933085202,22.648373506061667,79417.95477249078
1,6,Papayas,288.33085816328565,-70.14482869916046,54.003733033462254,1002.8514044113564,291.804815759335,45.087640253263984,23.83590633375297,93278.34616811467
2,6,Peanuts,1109.748063166455,-48.0774270528112,73.52070201803848,996.7321686726706,249.7474978410634,17.432771909667323,20.712836929160662,88786.1523012615
6,5,Peanuts,900.0974422524745,9.708045495436464,90.62909081063891,1071.3964792144277,138.7375045792565,12.789857496866686,9.324167721734469,58210.6433366379
7,7,Cocoyam,126.97513927481378,-63.60356370236479,3.882144537995069,883.1771836175534,90.81084769607332,39.59931295611951,13.172940573955298,20433.42652284218
16,4,Cassava,541.09990458724,-29.797312737059254,32.31983149577605,1033.4360677388293,232.8930346310985,41.3402877129452,8.939983194034912,51082.49616623644
11,6,Peanuts,83.97769040853294,-31.7751110215148,54.65043840204207,973.329044030205,82.83388354552683,45.47873040494865,18.76753430581659,9822.394806394375
15,1,Peanuts,260.3648206680897,-1.4492024969733848,98.59801749046724,872.3149457501921,252.5551566059056,77.61226415046917,15.20134902794076,51499.29752730865
6,0,Peanuts,1423.3711021896047,14.63241125859794,16.808465848075883,930.5860248700284,89.49216549710543,8.019288380089817,8.448495984406815,37247.631451004
2,0,Squashes,797.4027388330483,-37.3457932142795,11.82536119932548,918.140590903684,242.51017923392328,30.326444509547056,4.810600424696653,76412.70344305571
6,0,Cocoyam,1187.788783679812,42.79949870026631,89.53669647659356,1033.217494320963,255.93855644316463,14.684668541607238,20.936129256477894,88665.60968277417
10,6,Corn,260.4534992894732,-39.680523936673936,4.765674374139972,941.006132505384,14.278526812317416,16.823015823277878,13.383519603695376,53172.59967736418
16,5,Beans,1524.4090650184633,-43.21278487698528,64.545846232035,992.4872854809188,131.52692357338438,9.658893049942495,5.116861521027546,34322.5095152576
2,6,Cocoyam,915.897891448682,-49.242453137614206,90.17070800305464,972.8774304707013,12.717159516042289,38.37223706816106,7.082515576682335,81981.7138664041
5,6,Eggplants,1109.1094174352895,-14.19123091904632,28.70250818707678,1066.1228831757132,184.3134082434485,21.79163067108069,4.889947231152926,66022.64823848024
16,3,Cocoyam,176.50088830432531,55.4404466752127,36.36778963692133,1035.4172424530605,214.82602801922408,3.1962247047193197,9.698939125775446,83092.34613558621
10,5,Papayas,304.4147382426263,-31.134874730929877,13.415228890146548,1066.1413527238376,90.36774770213806,51.9809801262308,13.157533420879972,63553.85694514827
15,0,Corn,313.8418167347447,20.93587685956082,98.07023637371816,1019.0144017852896,200.21542322599228,97.6602622387287,18.82859325129377,63075.91463121351
1,3,Peanuts,788.5952216152324,-35.49933211757006,39.43769407058205,1010.325556638724,145.38316138598714,77.8711355382113,10.27846077493811,88442.01170538641
20,4,Chili Peppers,1267.7064391071003,16.42166782575204,0.2204693084916109,899.0317862796587,226.90011717159757,59.6754584792313,15.13106850132483,55906.62292670081
16,1,Papayas,1251.3266252744336,24.17329120345579,56.537960368374215,878.1395903463688,274.7646376536131,46.69385833027583,5.038182777669655,8689.68501123999
16,7,Okra,864.6148606469897,-4.287467764388779,64.34053928071405,930.0334330347386,294.21728793425217,72.60221437781334,1.861519563375724,2196.504974989455
14,7,Tomatoes,28.795440039538,-36.17380018452033,91.61995344477552,1025.4231268049316,105.50007841395534,3.254348363011017,15.537729597482734,34456.33144591354
19,4,Eggplants,771.2750729839207,-21.4687738392762,48.36524368447742,1063.4105183270997,244.187578606474,93.88653699905592,16.289035044604056,14694.013755153966
15,4,Corn,704.4607306207009,-58.83314578996084,66.98913886929707,990.508960286,104.3963577002218,66.96218415832482,6.890439845786034,16768.624100421013
16,5,Eggplants,408.7420968911238,-14.929024745196642,24.26232796783944,1042.663107435189,109.0682280406506,0.4595477491944222,14.669799630130129,30753.439068274834
14,4,Corn,1561.0485482299746,-23.37443773394021,70.2287835026008,968.6128048732288,66.0564304207481,14.800480113501102,4.751280345179551,32529.627208417038
14,5,Cassava,1127.975682373099,27.130354423823817,13.035821688798476,934.96712603428,53.03996503177114,81.97024751444204,20.927683373281475,63594.7579939259
6,7,Squashes,578.9517615633282,-67.05865962536946,35.22705897781461,1008.5386449916896,220.9983558608963,15.488912021269153,12.078214974976545,94071.11983388598
1,5,Beans,1710.4082549616855,25.11116314438772,15.130027065705498,953.3132679091708,281.5439055809797,98.0161021186891,10.94739210904267,65823.42053273795
15,0,Corn,1638.7119343172062,7.640155292146019,23.02175999068013,894.4547282143927,37.04495288722697,44.42558894478318,4.621089190718167,29062.810630829023
9,7,Cacao,1244.5040366057422,-82.99922357244782,17.868722767797173,978.3515785536364,84.38677272412033,64.88654691336428,11.465787620211104,50988.07475156389
11,4,Corn,373.8588154230616,11.680807787630854,90.3293303344376,957.4599804327254,267.0608517400261,26.703001191582576,20.517027019127205,14108.572652004214
19,6,Pineapples,28.835654015740214,6.19786711235254,88.96002323659293,982.0753248118516,160.97923465758365,56.26859122002364,4.918875931372655,13513.537011645803
5,5,Plantain,1344.5641270399856,35.60369181338869,25.047644968498684,973.0622174448068,73.62296131343216,44.200989388840654,13.203483015119929,17765.938225032063
5,2,Plantain,1095.3371109335137,35.96353599536917,2.4141913376111934,940.9355000139944,140.42182231986936,70.89095611885419,12.75650186562178,36928.48994983313
7,2,Cocoyam,449.9743909059015,32.26620609426415,48.99950874385042,871.4327394598728,231.804049655435,2.0917385915481645,23.041738699726835,31346.45061408151
17,0,Pineapples,1075.2903300569965,-79.18177107598856,53.75488107146372,915.9964868256362,111.30719803207838,51.49908819060749,6.110363741308968,80177.77750196881
19,3,Plantain,109.90317842910706,-70.56949602390436,30.624910906896964,1011.7758427697014,269.7744685016949,77.04877764460116,22.867691541134803,8459.893071059643
17,6,Eggplants,1152.0503195940523,38.76359302381656,1.9238124050572905,914.2867663870504,46.09839751877733,26.82625209096594,20.05147835558782,68598.63859800782
4,6,Squashes,1630.239159108676,-0.6970804935059505,1.681867061087272,966.0507382711857,137.65213077316068,10.044242041169104,6.81941741637496,28145.001678786884
10,2,Pineapples,168.57232229742618,20.52630888641868,45.92241560786084,1079.7895450442184,115.51752855799958,76.4363412061328,20.316050678866738,63429.13314084595
18,4,Squashes,688.3873394089889,43.26789580478807,78.1546622389471,975.3127070489444,13.582019582890926,68.18303927661545,17.981386425272596,11480.669558158674
10,2,Corn,811.0720348653358,20.73231066231773,88.35712803184292,1043.5970492835083,82.67319459498037,81.91755460727782,14.591335838937065,27667.53931285981
4,7,Peanuts,1246.173530580504,50.61241578708366,81.61218942473919,880.6584062369463,189.81897876070056,20.56051144267158,14.324559683651248,62430.87432233458
20,0,Peanuts,1485.3164813377364,7.771573968466086,21.303698045919877,1075.9282209702258,242.7873323675126,80.6317804787377,0.9170421385251348,84723.68621939239
16,3,Plantain,1127.7583975240227,54.0150754585144,61.05261926917044,922.141681403289,135.2648151671377,51.89062474484679,3.597886483976942,10052.325131963658
15,0,Squashes,449.83923686336686,-8.702921759675803,82.8787139207122,1069.4583448976969,199.9943399655443,97.5484696306968,19.957150540566488,48731.79509918527
10,7,Cocoyam,1274.0507339256533,-15.821152372147466,80.84638128354808,914.0566230321016,241.6209861456053,18.106383715321115,16.345197666670252,72846.61341303657
10,0,Papayas,1630.3961959316466,17.08521764964287,68.60066948806933,989.57788635105,146.82616464938346,3.456745485944357,13.680527491386904,51958.1264311379
17,2,Chili Peppers,897.77243734846,-73.56529729421112,66.6066995202058,1029.8989224010863,25.482300156765348,83.92554258205726,4.724493995834859,62335.74027166028
5,5,Eggplants,1007.6234352446332,-25.039067299740964,46.09167761145255,1026.8794430057214,178.0287421962663,37.9795316741099,9.750129896507076,99833.94374494252
1,2,Plantain,364.3037487134664,-16.879897055435464,78.96431053914559,988.8228887892114,202.0308513073077,29.95735029140635,15.67546131277539,97040.32373891328
4,7,Eggplants,1786.7376975635764,31.1814046078283,49.07338559283566,924.0367461384118,265.28805802814463,27.561512417990887,21.5002995616676,22422.899236134806
5,5,Cassava,74.43915008695771,-22.76323252684155,89.83919026242461,1072.5835982279068,281.1141188090294,99.01071781317503,20.93529149066524,73686.20866686842
1,1,Tomatoes,1300.7178653213496,28.06431267107574,26.04062662483485,871.2179828982196,224.32828253225807,66.29235682662456,9.485433939250424,68784.16100001983
1,0,Tomatoes,48.00094170445912,-66.74471511191952,54.60453076241152,966.5633592118584,261.6372738286485,62.82896425403581,21.8554904811783,50100.72604515685
2,7,Papayas,621.6861800945939,25.030977286361946,29.003655999161648,997.0783769466558,69.90008100087171,37.54533166670805,4.014403410747903,68596.70957866586
4,0,Plantain,1483.2884876251003,-50.13395483735886,32.88180617503866,986.5002564585396,211.69765867271647,8.348920860355468,9.444470471511398,50205.02821314995
2,0,Cacao,255.64452551148585,-63.8522198266825,11.721042032040527,896.651662241275,6.404320361566562,22.217281577096905,0.4014386410275161,41644.68465849375
10,6,Papayas,748.829473934304,-59.21716156100227,94.17188221377182,1014.4955825530852,226.2948204481501,85.65269652909778,20.61677318330163,18788.192686373477
5,5,Eggplants,1665.07094119335,-65.4040019593695,79.3190449136922,1084.9899326409377,36.94804609096976,54.31437515228159,19.501559302408225,3352.001134050675
5,4,Pineapples,1525.498419409766,-10.62089945126752,89.58038754988392,884.5448376922578,293.50677686829295,80.6637692310872,7.964644875827575,85132.07170285626
18,7,Eggplants,1608.2586368656162,29.4531197218998,47.80850167555344,1003.7969193198268,111.47672504113676,59.90630685256566,8.826262757043349,59452.580183645245
1,7,Peanuts,516.4975128083333,45.19423130778124,71.90190089993595,978.304353302868,96.62244928637784,14.713705921838647,2.0004677441422114,53547.35609128456
1,2,Eggplants,966.0670213664762,24.01762740276132,1.996957729596427,1080.785400305996,168.6723849351761,76.94631914366417,16.256414050578485,2085.9822641012825
11,4,Tomatoes,77.12030705689075,-56.81350249220284,24.32164089687021,891.8301618082826,168.42021643170523,72.98770052959048,0.930289966436602,84583.61969007936
19,6,Peanuts,42.97304416086352,-44.59609305190903,11.191740797353036,1068.9862004781116,166.73852785958826,71.22150905217892,21.488190312448207,12875.68277466522
11,6,Cassava,474.38615035757607,-42.73182945385034,51.01617721394825,908.5214755862254,200.62723523593291,90.61134608539048,5.907046738396469,61183.37886145762
16,5,Eggplants,1746.6847159810077,6.426427810978694,4.3287984457885065,980.5782311806634,149.6037682692251,46.833302351862095,5.006680806432344,22362.2426586364
10,3,Peanuts,450.5116900317669,28.92577582428234,79.11367555268941,997.0025372797776,244.311547485998,33.82331490327679,23.426369380095824,57190.395676340566
16,6,Corn,53.39393708194871,-31.21548921254449,27.13783554077037,922.339719002726,150.9013218576122,68.16991111434324,4.459557584783042,61841.81998137894
